id,vevo,nOsszeg,fizhat,kibocsajto,ip_address
1,Topicstorm,183011,omilch0@histats.com,BlogXS,78.62.233.162
2,Podcat,83149,csouley1@who.int,Youspan,255.1.67.83
3,Abata,10013,fseage2@google.ru,Twitternation,154.56.88.239
4,Janyx,204712,tburth3@csmonitor.com,Trudoo,221.29.211.203
5,Dabshots,53836,vokeenan4@reference.com,Thoughtblab,144.46.123.241
6,Photojam,32245,mjadczak5@java.com,Photojam,151.191.237.21
7,Skivee,177042,lharley6@china.com.cn,Dabtype,65.235.11.70
8,Bluejam,101896,hboissier7@state.gov,Skippad,202.115.228.199
9,Izio,52435,hballs8@list-manage.com,Zoovu,38.108.180.103
10,Edgewire,72782,aebbage9@dailymotion.com,Reallinks,36.183.32.252
11,Blogspan,193002,wgeraldia@clickbank.net,Skippad,213.67.87.205
12,Zooxo,142001,mhouldcroftb@blog.com,Skimia,171.131.26.198
13,Ailane,158792,hgiacovazzoc@symantec.com,Wikibox,67.76.237.161
14,Mynte,69126,ntattersalld@trellian.com,Livefish,66.189.95.65
15,Voonder,71501,jlowndsboroughe@scientificamerican.com,Minyx,95.238.196.116
16,Oloo,181363,hgreensidesf@google.nl,Vidoo,154.152.173.13
17,Tagpad,171559,wivanetsg@vistaprint.com,Yombu,210.106.157.236
18,Tazz,246762,lbirkinh@typepad.com,Skiba,151.66.59.137
19,Aimbu,26030,sglandfieldi@pcworld.com,Centimia,169.98.161.90
20,Realpoint,40878,dmcreidyj@hatena.ne.jp,Voonder,5.213.226.229
21,Jabbertype,135588,kwatmorek@behance.net,Blognation,124.155.9.178
22,Wordtune,52730,sneilll@bravesites.com,InnoZ,116.16.11.57
23,Katz,23314,mmangeneym@guardian.co.uk,Meedoo,190.158.145.165
24,Katz,231793,gpietznern@yolasite.com,Topicware,51.230.120.73
25,Jamia,161764,jbarnaclougho@patch.com,Fliptune,134.215.159.192
26,Innojam,65124,wdezamudiop@elegantthemes.com,Skipstorm,95.75.32.241
27,Eadel,235111,mpersseq@reverbnation.com,Jamia,7.255.245.50
28,Myworks,241779,mmargettsr@virginia.edu,Fatz,76.223.178.2
29,Meezzy,128723,cpailins@godaddy.com,Photobean,64.81.204.95
30,Jabberstorm,82897,oraistont@blinklist.com,Trilith,211.19.62.110
31,Skyba,99718,cbeneru@home.pl,Janyx,160.12.21.170
32,Yakidoo,197231,hnultyv@nifty.com,Meedoo,187.139.91.190
33,Wikido,205603,szamoranow@utexas.edu,Fivebridge,177.80.160.225
34,Zoombox,45439,emulcahyx@fc2.com,Skinte,239.25.205.53
35,Wikibox,82517,wnormanelly@quantcast.com,Aibox,120.21.81.101
36,Mydo,193888,msinyardz@eventbrite.com,Flashspan,236.209.194.82
37,Ntags,216669,cdelany10@meetup.com,Miboo,161.147.146.27
38,Leexo,14373,awisby11@angelfire.com,Quamba,107.177.70.255
39,Linkbuzz,199142,bstearn12@admin.ch,Flipstorm,161.8.171.124
40,Blogpad,86573,aishaki13@ucla.edu,Photobug,13.94.89.97
41,Skibox,16540,pklimshuk14@usatoday.com,Quimm,206.237.190.50
42,Skyvu,62946,nflindall15@yale.edu,Tagtune,148.7.190.92
43,Babblestorm,192595,wroscrigg16@home.pl,Browsedrive,133.148.13.110
44,Meetz,242054,nhansom17@tmall.com,Jaxworks,129.91.172.20
45,Gigashots,100665,tthomkins18@comcast.net,Youspan,181.94.193.185
46,Skyndu,2620,mspillett19@wp.com,Zava,33.138.228.85
47,Oodoo,159285,bcasper1a@google.es,Minyx,137.121.31.150
48,Yadel,69551,enel1b@bravesites.com,Tagpad,31.15.218.15
49,Gabcube,179639,bnutting1c@irs.gov,Divape,82.170.183.47
50,Quinu,167884,hinott1d@globo.com,Jabbersphere,105.206.65.247
51,Linktype,59456,asimkin1e@theglobeandmail.com,Lazzy,125.114.90.161
52,Meedoo,46513,pskrines1f@domainmarket.com,Janyx,116.204.10.133
53,Zava,183006,fmakin1g@hao123.com,Aimbo,219.249.91.169
54,Flashspan,124115,nbailess1h@free.fr,Blogpad,219.7.133.91
55,Fanoodle,111444,dallans1i@cargocollective.com,Yombu,160.157.186.55
56,Demivee,155436,dzorzi1j@list-manage.com,Skiptube,189.126.114.91
57,Linkbuzz,96654,toneal1k@wp.com,Kimia,115.106.32.239
58,Dynazzy,51325,hgosalvez1l@opensource.org,Feedfire,224.12.188.231
59,JumpXS,146202,tfishwick1m@goodreads.com,Browsetype,66.114.121.140
60,Shufflester,184353,tharuard1n@apache.org,Livetube,77.19.148.206
61,Feedfish,213883,karends1o@java.com,Feedfire,4.197.167.253
62,Realbridge,174354,dguillot1p@bbc.co.uk,Oyonder,207.72.204.106
63,Zoombox,224993,rbatten1q@goo.gl,Aivee,10.21.88.148
64,Katz,49805,lloney1r@phoca.cz,Meevee,95.113.155.171
65,Dabvine,106146,ddoughton1s@globo.com,Gigaclub,233.214.142.38
66,Browsebug,223132,wfeatherbie1t@weibo.com,Devcast,70.219.135.31
67,Skippad,204690,lshortt1u@quantcast.com,Zooxo,111.249.188.1
68,Vipe,224203,llott1v@bandcamp.com,Innotype,137.148.223.80
69,Realcube,228097,ssouness1w@xrea.com,Livepath,12.46.116.193
70,Plambee,147410,cblaxton1x@cbc.ca,Blogtags,109.24.78.77
71,Abata,189611,fglynn1y@addtoany.com,Twitternation,165.189.130.122
72,Meeveo,80498,aeastop1z@acquirethisname.com,Youfeed,35.44.130.88
73,Jetpulse,196538,smauditt20@clickbank.net,Gabvine,54.10.86.13
74,Innojam,211386,rshivlin21@ow.ly,Thoughtblab,192.6.44.28
75,Jayo,136185,tcaldecott22@blog.com,Realbridge,174.255.204.9
76,Wordware,26313,mhalligan23@jiathis.com,Skibox,76.113.185.202
77,Edgetag,56509,qbenez24@xinhuanet.com,Fliptune,249.162.90.68
78,Jaxworks,164183,atakos25@gizmodo.com,Wordtune,128.159.24.147
79,Tagpad,200956,bhannon26@columbia.edu,JumpXS,21.128.117.46
80,Leexo,164332,obanks27@thetimes.co.uk,Browsecat,174.120.87.5
81,Wikido,235131,bpurdey28@themeforest.net,Edgeclub,109.124.115.61
82,Zava,184134,causten29@wufoo.com,Twimbo,189.234.11.134
83,Realcube,26679,tsweetenham2a@arizona.edu,Zoombox,85.212.227.181
84,Innotype,212022,dpaffot2b@studiopress.com,Talane,106.107.205.106
85,Browsezoom,234877,pive2c@360.cn,Skyba,31.122.109.207
86,Dabshots,15157,pbain2d@google.com.br,Thoughtworks,223.66.235.14
87,Tagchat,63107,tcastells2e@narod.ru,Trupe,173.26.193.26
88,Dablist,179821,kbennoe2f@elegantthemes.com,Fanoodle,115.1.59.35
89,Fliptune,144811,mgurg2g@ihg.com,Youspan,5.72.251.76
90,Ozu,110378,jbardsley2h@nps.gov,Quatz,49.77.157.242
91,Ntags,58838,llingley2i@cbsnews.com,Thoughtblab,124.195.161.11
92,Zoombox,245512,mhandrahan2j@weather.com,Vitz,56.30.176.187
93,Browsecat,142925,mgagen2k@aboutads.info,Thoughtstorm,129.30.55.255
94,Ntag,227514,kblackstock2l@huffingtonpost.com,Cogilith,222.116.254.73
95,Minyx,174540,ogrishanin2m@sbwire.com,Jetwire,217.20.150.216
96,Eidel,202623,bvanner2n@weebly.com,Brightdog,109.57.217.125
97,Quire,199263,eduling2o@google.pl,Brightdog,142.97.149.84
98,Kwimbee,185523,epeacham2p@ca.gov,Topicware,167.211.95.186
99,Wordtune,175494,santosch2q@si.edu,Meemm,120.157.168.123
100,Quinu,109404,mfranceschino2r@nps.gov,Rhyzio,23.218.22.137
101,Realmix,46789,agantlett2s@nydailynews.com,Plajo,150.109.255.146
102,Gigabox,187673,hbeamiss2t@google.ru,Photobug,80.138.70.171
103,Twitterworks,161023,dkleinpeltz2u@chicagotribune.com,Kazu,64.72.122.161
104,Abatz,6596,dpuddifer2v@livejournal.com,Rhycero,139.126.137.189
105,Mynte,70311,gderges2w@stumbleupon.com,Trilia,18.233.119.102
106,Flashpoint,100728,lwellman2x@pen.io,Flipstorm,214.114.39.55
107,Meedoo,112668,mcolston2y@woothemes.com,Aivee,136.79.7.7
108,Linklinks,67945,ldible2z@usa.gov,Jabbersphere,177.191.148.237
109,Tagfeed,209779,ejustun30@state.gov,Vidoo,130.123.90.93
110,Skipstorm,76964,sforre31@ask.com,Wordify,175.194.169.117
111,Lazz,83850,msketcher32@msu.edu,Devpulse,40.92.161.115
112,Chatterpoint,247165,eleghorn33@nbcnews.com,Browsedrive,169.52.155.185
113,Tambee,104844,ktoolin34@xing.com,Trudeo,174.147.188.111
114,Oozz,169130,vbetancourt35@ted.com,Tazz,115.121.182.158
115,Izio,238294,psoan36@chicagotribune.com,Meetz,106.2.93.128
116,Skynoodle,39121,gnolin37@google.com,Quire,29.176.73.46
117,Rhynyx,227116,dcrofthwaite38@eepurl.com,Realmix,36.98.154.55
118,Podcat,165757,sduthie39@w3.org,Jaloo,150.4.67.234
119,Skajo,76181,bspargo3a@opera.com,Kaymbo,196.124.202.164
120,Thoughtsphere,236515,aoxborough3b@berkeley.edu,Yabox,94.219.188.4
121,Youspan,16350,sflipek3c@mit.edu,Kaymbo,194.122.72.67
122,Vipe,161818,llerwell3d@walmart.com,Babbleopia,235.60.80.135
123,Zoomdog,196239,cbritzius3e@weebly.com,Minyx,209.255.84.19
124,Voonte,107998,galdous3f@ameblo.jp,Kaymbo,203.107.76.63
125,Edgetag,229789,dboynes3g@netvibes.com,Leenti,153.48.34.204
126,Eidel,9738,cfido3h@so-net.ne.jp,Thoughtmix,177.223.248.83
127,Quaxo,186449,rclubley3i@plala.or.jp,Npath,154.10.235.54
128,Fivebridge,17465,alawrenceson3j@answers.com,Photofeed,40.136.101.133
129,Gevee,201601,cmarcq3k@opera.com,Realcube,187.138.78.177
130,Wikizz,222627,goxshott3l@dell.com,Dablist,38.145.202.134
131,Brainsphere,70784,hbelamy3m@cpanel.net,Voonder,23.141.111.233
132,Zoomzone,120175,nbernadon3n@webnode.com,Realcube,174.133.33.224
133,Geba,95094,mwheeler3o@wsj.com,Jetwire,236.90.184.184
134,Jazzy,65171,rnannoni3p@vkontakte.ru,Camido,94.248.93.107
135,Bluejam,12765,gpickover3q@wikia.com,Feedspan,14.238.12.139
136,Skiba,150270,fwarman3r@infoseek.co.jp,Abatz,214.100.56.104
137,Meevee,8263,cbattram3s@tuttocitta.it,Babbleopia,25.191.232.113
138,Cogibox,74821,namerici3t@slashdot.org,Kazio,75.29.82.82
139,Skinix,167633,mpavlenkov3u@state.gov,Voonte,112.185.183.90
140,Avaveo,130239,eadrienne3v@yellowbook.com,Quaxo,191.28.116.93
141,Camimbo,157013,jpeyro3w@answers.com,Divanoodle,176.92.162.116
142,Innojam,78513,wvayro3x@ibm.com,Buzzbean,31.45.0.36
143,Skilith,120925,rholtham3y@quantcast.com,Vipe,130.235.210.241
144,Yakidoo,34492,hbernth3z@de.vu,Buzzdog,165.179.210.190
145,Yodo,176118,hspencer40@posterous.com,Photospace,169.27.7.223
146,Jaxspan,237673,gwoodcock41@bing.com,Jetpulse,115.99.205.215
147,Kwilith,21076,lheggadon42@chicagotribune.com,Trupe,153.226.165.227
148,Edgewire,114248,wdupree43@umich.edu,Realpoint,248.249.84.37
149,Thoughtblab,103876,mdows44@behance.net,Thoughtstorm,146.176.101.125
150,Tanoodle,23860,bhindenberger45@dagondesign.com,Gigabox,247.232.24.75
151,Skinder,221335,gshakespeare46@twitpic.com,Einti,56.77.9.70
152,Trupe,25911,imctaggart47@ucoz.ru,Eadel,86.35.42.209
153,Eamia,196925,fison48@cocolog-nifty.com,Jaxbean,146.13.114.44
154,Einti,80797,oabeles49@last.fm,Avamba,229.49.193.19
155,Twitternation,91629,cmithun4a@psu.edu,Ntags,71.38.181.155
156,Yotz,86367,hdewane4b@is.gd,Skimia,228.180.138.22
157,Camimbo,210021,mshulver4c@alexa.com,Jabbercube,38.238.12.102
158,Tagpad,21819,bmcmains4d@creativecommons.org,Eabox,38.86.131.1
159,Meemm,64169,adurrell4e@imdb.com,Zazio,42.195.221.194
160,Plajo,145540,jwickwar4f@list-manage.com,Rhyzio,192.54.39.147
161,Wikivu,18604,msowten4g@upenn.edu,Pixope,245.13.71.157
162,Trilia,151625,pwaycot4h@over-blog.com,Rhynyx,145.96.117.34
163,Roomm,99034,npetrina4i@senate.gov,Eadel,91.71.154.211
164,Blogtags,241277,kkilsby4j@woothemes.com,Photobean,61.118.145.34
165,Mudo,52668,gjillard4k@quantcast.com,Zoonder,25.90.244.69
166,Wikizz,60044,seyres4l@imageshack.us,Skilith,125.114.189.156
167,Rhybox,46413,bbrozek4m@wiley.com,Dabjam,84.1.58.61
168,Babblestorm,28086,mhiggan4n@ucoz.ru,Viva,205.66.32.49
169,Topiclounge,132100,tpatnelli4o@businesswire.com,Flashpoint,118.171.181.111
170,Blogpad,7549,mnosworthy4p@360.cn,Topdrive,237.17.245.138
171,Skilith,205633,rjamary4q@mtv.com,Npath,55.144.45.243
172,Babbleset,135341,tgrigoire4r@ezinearticles.com,Linklinks,233.74.231.172
173,Camido,17645,sheeley4s@unc.edu,Realpoint,23.83.174.4
174,Bubblebox,20305,ashannahan4t@upenn.edu,Skajo,239.48.27.44
175,Feedspan,225980,maveray4u@photobucket.com,Wikivu,94.144.231.230
176,Meezzy,139474,litzcovichch4v@businessweek.com,Yata,177.84.218.207
177,Skipfire,79525,aeve4w@bing.com,Reallinks,72.37.154.192
178,Meembee,152483,bhumburton4x@ezinearticles.com,Zoombeat,205.64.243.22
179,Zoonder,137257,awatterson4y@altervista.org,Kimia,24.115.125.52
180,Zooxo,34835,hcorrison4z@ucoz.ru,Skinte,163.12.42.129
181,Twitterwire,112745,ldoghartie50@independent.co.uk,Linktype,220.206.194.206
182,Blogtags,211711,egibbings51@ucoz.com,Gabvine,170.58.228.94
183,Twinte,111896,flukehurst52@tinyurl.com,Aivee,148.127.37.15
184,Tazz,178708,mlarenson53@dedecms.com,Devpoint,86.218.255.5
185,Voonder,50822,cstains54@123-reg.co.uk,Centimia,181.29.247.154
186,Photolist,127586,jgerardot55@wordpress.org,Photofeed,156.16.191.50
187,Edgeclub,170131,bjacop56@discovery.com,Skaboo,208.49.195.161
188,Shufflebeat,142023,dzaniolo57@barnesandnoble.com,Fanoodle,70.44.8.108
189,Kare,30356,iellgood58@wsj.com,Nlounge,14.158.73.236
190,Topicstorm,92245,hgodspede59@cisco.com,Babbleset,8.165.96.230
191,Edgepulse,34764,tgarthshore5a@weather.com,Chatterpoint,101.71.65.223
192,Gabspot,46127,mtabbernor5b@scientificamerican.com,Jabberstorm,151.143.240.204
193,Lajo,107378,esmeeton5c@google.fr,Thoughtbeat,143.59.178.53
194,Trudeo,157036,xjervois5d@yellowbook.com,Jatri,42.31.119.28
195,Demivee,202080,hmanktelow5e@ebay.com,Dabtype,62.0.161.0
196,Avamba,57534,askerratt5f@google.ca,Eidel,187.79.112.43
197,Edgetag,54630,jtewkesbury5g@slate.com,Skiba,174.26.164.46
198,Thoughtbeat,171544,aaxston5h@state.gov,Dynava,167.59.176.128
199,Kwinu,55274,fgrealey5i@google.com.au,Yodo,16.93.55.4
200,Riffpedia,246645,dholleran5j@latimes.com,Brainlounge,226.78.89.229
201,Kayveo,121868,mantham5k@admin.ch,Jaxbean,162.3.70.173
202,Avavee,82097,elagen5l@cbc.ca,Thoughtsphere,239.221.3.81
203,Kare,147930,ggianotti5m@nih.gov,Dynabox,13.48.232.164
204,Dynazzy,44002,fcardoe5n@discovery.com,Mybuzz,79.156.150.171
205,Realcube,210467,vnaden5o@businesswire.com,Chatterbridge,49.162.223.53
206,Agimba,212549,earbuckle5p@nyu.edu,Rhybox,82.7.225.170
207,Yakijo,145644,jforsythe5q@pen.io,Jabbercube,134.222.219.126
208,Abata,207225,bpays5r@washingtonpost.com,Flashpoint,82.38.210.95
209,Roodel,228498,kroman5s@columbia.edu,Vitz,174.175.248.47
210,Npath,165315,dmckague5t@sourceforge.net,Lazz,246.178.7.152
211,Ooba,184325,kcolumbell5u@accuweather.com,Feedbug,248.222.43.12
212,Livetube,48492,lkidsley5v@mac.com,Buzzshare,186.40.160.159
213,Skinix,123004,kloche5w@blog.com,Edgewire,1.255.134.43
214,Cogibox,110036,ojanse5x@marriott.com,Vitz,79.29.112.5
215,Youfeed,189864,nmacdaid5y@shinystat.com,Aivee,43.204.167.217
216,Linklinks,72665,aholdin5z@dmoz.org,Lazzy,165.214.63.54
217,Rhycero,36514,oalebrooke60@reddit.com,Latz,205.133.158.25
218,Trilia,47499,tpetronis61@blinklist.com,Dabjam,208.36.84.242
219,Roodel,200872,lgoman62@archive.org,Yodo,108.68.136.74
220,Oodoo,109765,agoodbody63@go.com,Digitube,93.20.72.228
221,Gigashots,228078,bdjurkovic64@linkedin.com,Mita,141.140.81.240
222,Youspan,168646,mtreacy65@cam.ac.uk,Riffpath,77.154.219.95
223,Voonyx,202736,nweeds66@wix.com,Thoughtblab,232.140.167.190
224,Trunyx,8469,rewers67@reuters.com,Wikibox,186.158.187.1
225,Blogspan,139901,telsmore68@vk.com,Meedoo,72.34.135.125
226,Jaloo,195929,ubranton69@eventbrite.com,Feedfish,188.80.156.168
227,Avaveo,43046,bhamblington6a@wired.com,Browsedrive,86.187.230.21
228,Brainlounge,175097,lshelly6b@npr.org,Twitterbridge,78.7.0.55
229,Avavee,241346,ojudkins6c@disqus.com,Gabspot,141.131.48.123
230,Centidel,227777,kclemson6d@discuz.net,Talane,68.227.154.110
231,Layo,161957,tesche6e@amazon.co.uk,Kamba,173.242.160.192
232,Jabberstorm,115140,mdelicate6f@ted.com,Kayveo,148.154.162.216
233,Fatz,201648,ajeandet6g@skyrock.com,Jabbercube,213.156.219.140
234,Twitterbridge,92937,giacomini6h@jimdo.com,Gigazoom,74.202.182.86
235,Blognation,71272,rdacre6i@wunderground.com,Skipstorm,166.112.241.44
236,Skimia,91223,amackartan6j@forbes.com,Kimia,184.84.121.15
237,Dynabox,38523,lvasilyevski6k@usa.gov,Youfeed,142.26.110.65
238,Gabtune,201447,wdimmack6l@odnoklassniki.ru,Browsecat,8.176.231.3
239,Meetz,199799,dthompkins6m@e-recht24.de,Roombo,213.57.154.231
240,Wordpedia,237039,sromke6n@qq.com,Feednation,85.21.8.185
241,Eadel,239785,fmacgillreich6o@people.com.cn,Aimbo,50.232.48.175
242,Dablist,95668,apetrenko6p@deliciousdays.com,Browsezoom,179.65.187.114
243,Photospace,113068,btruckett6q@answers.com,Oloo,31.241.8.177
244,Mita,247564,tgutans6r@hexun.com,Quimba,74.34.134.30
245,Browsetype,68306,ngallyon6s@engadget.com,Skyba,163.252.15.24
246,Zoomzone,23044,wglencross6t@un.org,Mydeo,58.220.187.113
247,Dabjam,249632,ebaglin6u@networksolutions.com,Blogtags,1.176.88.164
248,Quire,5533,asambrok6v@hhs.gov,Youtags,78.102.81.29
249,Livetube,132318,mhansom6w@quantcast.com,Centizu,21.54.104.235
250,Zoonder,201392,flinggard6x@bloglovin.com,Jabbersphere,215.128.215.196
251,Gabtune,152973,acockings6y@unblog.fr,Voonte,91.135.142.27
252,Yoveo,53170,mlamplough6z@cnbc.com,Youfeed,119.193.137.118
253,Oyoba,57694,arhydderch70@diigo.com,Yotz,102.30.190.65
254,Tambee,215655,ncossington71@list-manage.com,Roodel,75.255.53.174
255,Shuffletag,71478,pnancarrow72@indiegogo.com,Jetpulse,156.154.244.72
256,Shuffletag,190203,bdellar73@lulu.com,Twinder,167.68.173.196
257,Skinder,14855,lelement74@51.la,Fanoodle,143.41.235.100
258,Tambee,113795,aeldred75@admin.ch,Wordify,186.246.53.137
259,Yombu,12765,tbalk76@opensource.org,Teklist,14.142.224.232
260,Innotype,123626,cdomoni77@netvibes.com,Blogpad,16.169.38.205
261,Yoveo,42189,tsunnucks78@slideshare.net,Browsezoom,45.63.127.44
262,Jabbersphere,18625,zkunes79@ning.com,Divavu,63.237.14.255
263,Rooxo,50072,hcawker7a@hp.com,Kamba,228.113.86.227
264,Einti,114293,bmilburne7b@wired.com,Gabspot,137.135.159.19
265,Avamm,154049,jferrai7c@123-reg.co.uk,Twitternation,138.136.155.233
266,Livefish,132166,bbartos7d@woothemes.com,Cogilith,41.101.163.248
267,Riffpedia,216422,molland7e@cloudflare.com,Yombu,13.39.158.60
268,Twitterworks,226683,svigus7f@pbs.org,Mydo,224.193.3.238
269,Quinu,17950,alemmens7g@feedburner.com,Ailane,210.213.238.112
270,Mynte,223482,ecavan7h@printfriendly.com,Layo,183.59.56.25
271,Mydo,29782,mmolines7i@google.ca,Camido,211.127.9.181
272,Twiyo,199073,dosgardby7j@google.ru,Brainverse,20.85.174.182
273,Eamia,205477,epabst7k@dmoz.org,Feedspan,99.103.54.14
274,Quinu,94960,bbulman7l@google.ru,Vidoo,195.64.33.54
275,Linktype,92139,vbuche7m@webs.com,BlogXS,148.33.135.129
276,Realbridge,180839,ncuerdall7n@abc.net.au,Tagpad,143.175.65.11
277,Twitterworks,84119,mrablen7o@nationalgeographic.com,Trilith,52.202.12.84
278,Zoomlounge,181883,ivalentelli7p@miibeian.gov.cn,Tekfly,171.37.239.147
279,Teklist,60334,mknightsbridge7q@sourceforge.net,Nlounge,120.102.182.14
280,Tagpad,170513,oburchell7r@ebay.com,Fivebridge,3.92.109.174
281,Ailane,63372,dstainson7s@spiegel.de,Youfeed,254.0.160.142
282,Gigaclub,28434,gkynan7t@yelp.com,Trilith,125.7.227.242
283,Zoomdog,66534,nklaves7u@vinaora.com,Brainsphere,92.231.44.68
284,Feednation,199995,odanilovich7v@kickstarter.com,Rhybox,41.156.144.28
285,Innojam,57760,jgiamo7w@wordpress.com,Fivespan,51.137.254.38
286,Tazz,49141,wkegg7x@seesaa.net,Mycat,70.188.80.207
287,Chatterpoint,139386,ttysall7y@cdc.gov,Riffwire,67.45.77.202
288,Vidoo,84069,cenevold7z@indiegogo.com,Skidoo,99.197.116.193
289,Rhynyx,166363,cschreiner80@purevolume.com,Jabbersphere,115.184.31.134
290,Miboo,126244,jsearson81@rediff.com,Brightdog,15.222.223.248
291,Shuffletag,2645,amacdearmaid82@livejournal.com,Blogtag,235.40.162.233
292,Trupe,153400,lweatherup83@studiopress.com,Tagcat,177.54.105.159
293,Realcube,122204,vtonna84@yellowbook.com,Jabbersphere,147.156.185.186
294,Npath,170097,hneilus85@latimes.com,Vitz,129.88.206.1
295,Jamia,114009,vleehane86@patch.com,Izio,3.183.145.238
296,Tagtune,22229,jaxe87@google.com,Centidel,202.121.156.133
297,Yadel,14189,lismead88@fc2.com,Centimia,148.132.15.60
298,Devshare,209376,nmaffei89@e-recht24.de,Mynte,175.103.37.206
299,Jaxspan,185802,idaborn8a@google.fr,Twitterlist,54.175.240.225
300,Kwinu,223663,ceschalette8b@paypal.com,Eare,34.12.54.80
301,Skimia,87752,asiddle8c@alibaba.com,Eimbee,199.172.36.190
302,Shufflebeat,194046,srean8d@vimeo.com,Gevee,169.97.80.173
303,Ntag,105767,cledingham8e@webnode.com,Yozio,202.29.247.205
304,Talane,94727,abarszczewski8f@intel.com,Fanoodle,216.94.15.75
305,Tagpad,219844,ltrevorrow8g@amazonaws.com,Topicshots,112.255.175.118
306,Gabvine,223141,zdash8h@fotki.com,Edgeify,85.32.252.70
307,Quimba,172222,skunc8i@ucsd.edu,Topdrive,62.213.190.210
308,Gigashots,187973,nwaslin8j@list-manage.com,Camido,137.73.238.68
309,Skiptube,134948,ncoleyshaw8k@time.com,Chatterbridge,184.78.246.218
310,Devbug,192630,hfones8l@surveymonkey.com,Jayo,103.6.240.244
311,Kamba,176009,aockenden8m@godaddy.com,Babbleblab,4.149.153.204
312,Yadel,150562,tbalchin8n@exblog.jp,Buzzdog,59.88.29.105
313,Flipbug,60196,clammiman8o@oracle.com,Avamba,225.245.203.159
314,Zoovu,189821,candreas8p@last.fm,Kimia,17.82.233.209
315,Jaxspan,107579,ksorley8q@geocities.jp,Photojam,97.42.107.209
316,Quaxo,66293,krevett8r@php.net,Yozio,178.255.193.140
317,Rhycero,204943,mdaviot8s@sciencedaily.com,Agivu,7.122.84.212
318,Avamm,63779,jblodgetts8t@people.com.cn,DabZ,246.142.51.35
319,Voolith,18205,rpurveys8u@nih.gov,Pixonyx,157.110.166.98
320,Edgetag,178389,ddobinson8v@naver.com,Quinu,79.7.35.4
321,Gigabox,94869,garmytage8w@boston.com,Omba,79.187.131.221
322,Divanoodle,134935,rsaunper8x@cnet.com,Browsetype,47.10.68.155
323,Edgeblab,201255,qzink8y@sohu.com,Zooveo,213.49.255.215
324,Eidel,43545,rfrancklyn8z@networksolutions.com,Vinder,115.3.126.179
325,Youbridge,8805,jolyet90@google.fr,Meeveo,136.238.40.91
326,Shufflester,189009,asheilds91@dedecms.com,Oyondu,133.135.128.135
327,Brainbox,194736,sfairholme92@scientificamerican.com,Bluejam,23.117.246.67
328,Dazzlesphere,139396,dkubiak93@sphinn.com,Dablist,12.172.58.225
329,Tazz,239011,ehughs94@boston.com,Jatri,61.234.48.244
330,Shufflester,52240,abarhims95@newsvine.com,BlogXS,1.49.145.153
331,Centidel,133713,vmagwood96@timesonline.co.uk,Kamba,65.2.244.165
332,Meeveo,65368,espellecy97@scientificamerican.com,Dynazzy,52.103.199.121
333,Latz,194923,tgiannazzo98@technorati.com,Rhyloo,81.183.207.245
334,Feedmix,134544,zwolffers99@merriam-webster.com,Gigabox,10.76.231.98
335,Trilia,134629,laleksankov9a@wordpress.org,Riffpath,204.165.152.126
336,Flashspan,140061,babthorpe9b@jigsy.com,Twimbo,254.1.206.91
337,Quinu,212453,mollivier9c@comsenz.com,Pixonyx,147.37.239.180
338,Thoughtsphere,145682,rcoxhead9d@naver.com,Abatz,167.178.250.240
339,Flipbug,134036,dlilford9e@over-blog.com,Blogpad,187.44.37.179
340,Ailane,103864,kbarkly9f@state.tx.us,DabZ,19.185.249.223
341,Dynabox,145125,ybowdler9g@youku.com,Aibox,92.165.18.128
342,Lazz,64738,mrignold9h@sun.com,Twitternation,56.102.251.39
343,Browseblab,112546,jsutty9i@forbes.com,Twinder,218.27.157.104
344,Jamia,97212,rbartolomeazzi9j@google.cn,Tagchat,157.92.106.238
345,Mydeo,55853,ylill9k@intel.com,Edgetag,166.95.211.56
346,Topicstorm,65660,tkempson9l@ca.gov,Eidel,115.56.79.204
347,Twimm,163849,ewride9m@patch.com,Centimia,40.99.95.93
348,Flipopia,49960,rpearmine9n@a8.net,Miboo,136.246.149.37
349,Kayveo,61010,kgross9o@constantcontact.com,Kwinu,100.151.37.108
350,Dabfeed,140467,rpenni9p@shutterfly.com,Zoovu,242.182.15.130
351,Photolist,75139,icoton9q@wordpress.com,Skyble,48.41.100.164
352,Eire,93408,kvaneev9r@clickbank.net,Buzzbean,220.205.114.226
353,Edgewire,181413,bshillinglaw9s@mit.edu,Feedfire,233.150.25.226
354,Agimba,228709,mriceards9t@discuz.net,Eare,234.184.133.154
355,Snaptags,239036,esalmon9u@uol.com.br,Izio,119.184.8.163
356,Gabtune,15225,gmurtell9v@google.es,Buzzster,134.74.220.188
357,Blognation,55747,mvasnetsov9w@qq.com,Wordtune,175.107.43.29
358,Oyondu,38926,sseago9x@edublogs.org,Babbleblab,246.192.124.17
359,Yacero,245960,glockley9y@chron.com,Oloo,21.110.4.99
360,Fanoodle,131303,jharome9z@edublogs.org,Flashpoint,197.38.194.127
361,Babbleblab,223622,mcaistora0@sciencedaily.com,Bubblebox,167.229.107.242
362,Tagtune,111448,kbarcka1@techcrunch.com,Yakijo,123.223.39.80
363,Lazzy,37833,mferria2@ibm.com,Voonte,227.247.80.166
364,Gevee,223639,jrothama3@aboutads.info,Oyonder,124.156.15.196
365,Vitz,133862,hogelbea4@washingtonpost.com,Dynava,20.188.88.63
366,Pixonyx,159946,dhannigana5@symantec.com,Livepath,35.168.54.124
367,Gigashots,8119,hollera6@bloglovin.com,Gigashots,40.197.218.206
368,Blogtag,230368,gwitheya7@shareasale.com,Vitz,106.156.117.33
369,Yata,173543,dmeardona8@usda.gov,Thoughtstorm,146.198.108.219
370,Yoveo,178127,gmasserela9@google.com.au,Wikido,27.160.34.167
371,Skimia,140603,hgingeraa@hp.com,Twitternation,69.106.74.211
372,Oyondu,136388,zofinanab@yolasite.com,Browseblab,53.205.170.221
373,Oyondu,47621,hbastonac@aboutads.info,Wordware,244.252.108.165
374,Tavu,249006,tgiraultad@examiner.com,Trupe,246.115.30.210
375,Blognation,160380,bkentonae@wufoo.com,Edgeclub,68.212.222.164
376,Eimbee,203699,lgoveraf@cornell.edu,Topicshots,102.222.30.199
377,Topicstorm,161705,tbenoisag@wikispaces.com,LiveZ,253.231.220.129
378,Wikivu,144576,dmerrienah@jiathis.com,Mudo,4.198.174.190
379,Ailane,151526,kholleworthai@topsy.com,Fliptune,41.200.245.255
380,Voolia,65028,pbinleyaj@networksolutions.com,Skinix,123.202.223.3
381,Innojam,100970,amatzkeak@stanford.edu,Wikivu,196.209.72.253
382,Devify,93376,ftroakeal@webnode.com,Tazz,228.37.30.240
383,Thoughtstorm,55700,tcaugheyam@wix.com,Yodel,76.178.242.125
384,Oyoba,116291,ederdesan@flickr.com,Twinte,218.215.33.36
385,Roomm,140824,hgarretao@npr.org,Jetpulse,149.30.235.223
386,Mydo,41428,vthornbarrowap@flickr.com,Yodel,77.114.52.22
387,Edgetag,5967,mhelsdonaq@cocolog-nifty.com,Kazu,107.169.2.126
388,Meetz,173728,gpaulsenar@posterous.com,Browsedrive,5.138.183.253
389,Flashpoint,32409,cdumiganas@ebay.co.uk,Fatz,28.247.253.203
390,Minyx,178153,dbulfordat@smh.com.au,Kazio,28.213.4.189
391,Twitterworks,142170,rmcnairau@biglobe.ne.jp,Gabtype,158.226.114.172
392,Meedoo,5851,rboncoeurav@washington.edu,Kwideo,171.215.182.175
393,Dabfeed,215821,hrandsaw@spiegel.de,Buzzster,157.156.16.176
394,Gabcube,29153,gdeangelisax@spotify.com,Pixonyx,210.247.231.153
395,Kazio,65276,ckikkeay@miitbeian.gov.cn,Brainlounge,196.205.189.114
396,Fiveclub,16922,brossanderaz@nps.gov,Kazu,250.22.105.23
397,Ainyx,43041,vyeldonb0@dedecms.com,Twitterbeat,143.250.230.116
398,Trunyx,104241,mstaresmeareb1@seesaa.net,Browsecat,113.191.86.237
399,Riffpedia,168899,pwannesb2@newsvine.com,Twitterworks,147.33.42.33
400,Rooxo,226752,fessamb3@a8.net,Tagopia,8.6.248.216
401,Skalith,71693,trosetb4@etsy.com,Jabbercube,172.14.54.227
402,Kwimbee,202797,mcoppardb5@g.co,Photobug,193.203.124.32
403,Abata,65922,rsharpinb6@quantcast.com,Feedfire,173.111.138.66
404,Twinder,205863,ejacksonb7@amazon.co.jp,Latz,254.132.69.12
405,Kwinu,97928,kharrowayb8@liveinternet.ru,Innotype,170.224.49.209
406,Trudeo,32519,dmorebyb9@google.es,Ntags,31.117.179.97
407,Skinte,212564,tbuckmasterba@hugedomains.com,Oozz,154.205.53.219
408,Rhynyx,15456,ablackmanbb@craigslist.org,Zoovu,92.101.137.19
409,Divape,88506,apfeufferbc@sciencedaily.com,Browsecat,148.152.154.33
410,Kayveo,100061,mtootalbd@surveymonkey.com,Yacero,121.230.55.3
411,Twitterworks,247035,kvasishchevbe@accuweather.com,Kazio,138.164.34.161
412,Brightdog,111035,mdolmanbf@arizona.edu,Tazz,30.86.165.29
413,Tavu,241113,kmacguffiebg@ocn.ne.jp,Pixonyx,137.96.231.12
414,Oyondu,21890,cebhardtbh@adobe.com,Tavu,92.109.20.233
415,Edgepulse,146992,rfidginbi@networkadvertising.org,Gabvine,144.61.228.140
416,Devcast,203449,jsheratonbj@tiny.cc,Yadel,132.113.63.190
417,Camido,122075,sgiraudatbk@archive.org,Oyope,49.43.234.236
418,Topicblab,85728,cgiddensbl@google.pl,Devcast,135.145.73.15
419,Yata,238235,hlambdinbm@ucoz.ru,Kare,233.154.159.146
420,Trunyx,192525,tsaundersbn@imageshack.us,Edgeblab,49.155.251.80
421,Kaymbo,204708,blyndsbo@statcounter.com,Twitternation,246.121.242.133
422,Zoonoodle,4353,bjeaneaubp@buzzfeed.com,Skiptube,78.73.249.216
423,Thoughtbridge,26242,lvandrielbq@ifeng.com,Youspan,5.37.25.33
424,Twitternation,163923,obrambr@dagondesign.com,Browseblab,175.157.236.24
425,Jayo,196553,zgresonbs@storify.com,Photofeed,196.143.76.195
426,Flipstorm,185996,hcolombbt@themeforest.net,Skinix,131.132.160.63
427,Quimba,208481,eoxbroughbu@networksolutions.com,Skilith,74.199.117.23
428,Devbug,57460,rragbournbv@bing.com,Einti,11.162.93.93
429,Linkbuzz,23935,rrasellbw@dyndns.org,Youtags,10.251.134.172
430,Tagfeed,63925,ngooldingbx@house.gov,Flashspan,91.25.158.47
431,Avavee,159799,csleithby@redcross.org,Camido,54.143.103.46
432,Rhybox,229956,mhasseklbz@mysql.com,Edgetag,155.182.152.243
433,Browsezoom,149883,pfraczakc0@bluehost.com,Mita,161.96.107.127
434,Aimbo,126884,psouthcombec1@blinklist.com,Bubbletube,61.179.184.40
435,Youbridge,67440,escortonc2@jigsy.com,Dynabox,50.104.81.142
436,Skipfire,46108,mstaniforthc3@omniture.com,Meevee,189.59.101.35
437,Rhycero,25177,pteasellc4@springer.com,Ailane,62.56.142.55
438,Eayo,51322,lzottoc5@weather.com,Cogidoo,202.3.126.50
439,Devify,145764,pallchornc6@weibo.com,Leenti,162.39.79.57
440,Cogibox,67101,shaizeldenc7@simplemachines.org,Skibox,100.235.69.230
441,Topiclounge,109603,mbyllamc8@theglobeandmail.com,Voonyx,65.159.89.179
442,Feedmix,149170,cbeentjesc9@163.com,Devbug,47.176.127.248
443,Youbridge,245390,pcroixca@earthlink.net,Viva,75.37.192.43
444,Flipopia,48623,djarrettecb@topsy.com,JumpXS,168.208.197.239
445,Meeveo,235755,cbellsoncc@mac.com,Zooveo,168.177.167.15
446,Wordpedia,22445,lcoppincd@squarespace.com,Browsedrive,95.240.241.235
447,Flashset,136443,ikelletce@woothemes.com,Yadel,185.9.183.87
448,Skyba,217316,clautiecf@behance.net,Oyondu,22.7.205.61
449,Avamm,230707,wirvincg@pcworld.com,Oodoo,7.77.209.183
450,Dabfeed,126350,zsussemsch@gov.uk,Brightbean,134.166.217.136
451,Thoughtsphere,243630,cchestleci@networksolutions.com,Roomm,122.65.231.88
452,Yabox,119541,bbruinemanncj@xinhuanet.com,Skyble,176.109.97.89
453,Wordtune,9318,cplumck@1688.com,Ailane,68.111.158.65
454,Browsedrive,17651,aferrierecl@netscape.com,Zoombox,149.254.244.233
455,Zooveo,198565,wlavallincm@arizona.edu,Kaymbo,100.145.76.151
456,Tambee,45073,bwitherowcn@hao123.com,Topicstorm,250.34.32.177
457,Photofeed,11342,aweldsco@sourceforge.net,Mita,75.196.176.208
458,Yamia,186937,fmalamcp@bloglines.com,Vimbo,170.155.244.114
459,Zoomcast,194617,estanneycq@archive.org,Linkbridge,181.168.147.88
460,Tavu,175398,ecrownshawcr@nature.com,Oyoloo,241.75.38.99
461,Jayo,88373,creycs@upenn.edu,Livetube,125.234.251.127
462,Fliptune,74640,ktrimmellct@elpais.com,Flashspan,76.87.179.125
463,Jamia,88623,idurtnalcu@hugedomains.com,Trudoo,165.29.102.10
464,Chatterpoint,27313,atorpiecv@constantcontact.com,Realmix,134.234.63.252
465,Yabox,208840,aivettscw@hibu.com,Reallinks,93.192.237.241
466,Devcast,103479,badmanscx@nymag.com,Flipopia,162.165.62.78
467,Yamia,209222,nmealandcy@blogs.com,Kazio,5.163.196.109
468,Voonix,57870,belijahucz@intel.com,Cogidoo,23.128.158.182
469,Twimm,128394,cocuddied0@patch.com,Vimbo,219.12.123.31
470,Kayveo,51372,ssnoadd1@elegantthemes.com,Linkbridge,154.211.62.252
471,Eare,129849,rpicardod2@yandex.ru,Innojam,73.116.122.90
472,Voomm,43913,bwigand3@odnoklassniki.ru,Linkbridge,96.29.220.22
473,Eabox,163951,pabberleyd4@domainmarket.com,Yakidoo,85.168.68.102
474,Thoughtsphere,134178,bpybworthd5@cnbc.com,Cogibox,184.195.75.229
475,Youbridge,31545,sclowesd6@foxnews.com,Topicshots,0.246.67.224
476,Meevee,83414,bdillamored7@cisco.com,Wikizz,22.5.189.227
477,Jaxbean,240499,xkoschked8@spotify.com,Photobug,20.167.230.12
478,Photobug,200543,nallibandd9@europa.eu,Skalith,185.8.141.201
479,Linkbridge,248999,kgudgenda@ovh.net,Thoughtsphere,51.35.150.30
480,Zoomdog,98992,jpuntdb@ehow.com,Yodoo,119.28.241.40
481,Minyx,175617,zmeashamdc@livejournal.com,Trilith,174.60.164.33
482,Youspan,130448,ccastanedadd@hhs.gov,Dablist,88.65.135.167
483,Topicshots,93658,kmcraveyde@ovh.net,Skipstorm,89.252.48.236
484,Yombu,154048,mbusfielddf@delicious.com,Zoozzy,68.240.242.207
485,Feedfish,141863,fleveedg@blog.com,Linkbuzz,151.165.115.142
486,Twinder,151691,ehellewelldh@hibu.com,Oodoo,75.163.154.129
487,Aimbo,6290,cjoydi@mapy.cz,Twitterlist,151.145.97.41
488,Realbuzz,237648,mhanningdj@clickbank.net,Quimm,58.169.191.133
489,Browseblab,151396,rgrattondk@nbcnews.com,Myworks,54.192.159.231
490,Kimia,32001,srounsefelldl@foxnews.com,Fadeo,153.244.255.0
491,Centimia,79732,apopledm@goodreads.com,Jabbersphere,31.100.77.78
492,Bubblebox,198762,cfarakerdn@newyorker.com,Zoombox,182.4.249.82
493,Kazu,158947,krumneydo@jalbum.net,Gabcube,248.24.191.13
494,Edgepulse,191250,dogeaneydp@businesswire.com,Jabbertype,42.177.132.232
495,Twitternation,16722,sphippindq@mashable.com,Skilith,105.209.17.8
496,Tagcat,25031,dfilipyevdr@hostgator.com,Pixonyx,80.110.150.16
497,Twimm,73097,hpedrods@mail.ru,Yabox,47.12.10.69
498,Tagcat,5552,tpersentdt@360.cn,Tanoodle,86.89.84.215
499,Twinder,176716,npagandu@blog.com,Wikizz,2.194.85.175
500,Thoughtstorm,240252,jkelcherdv@lycos.com,Jetpulse,100.223.37.13
501,Feedfish,225437,emobberleydw@naver.com,Lazzy,75.42.153.149
502,Livetube,146387,abaudessondx@chron.com,Thoughtstorm,32.113.194.128
503,Blogpad,121929,klaisterdy@apache.org,Reallinks,247.151.209.93
504,Skiptube,207863,ysaffedz@etsy.com,Youbridge,129.40.85.12
505,Thoughtmix,169098,epoguee0@geocities.jp,Wikivu,139.153.130.225
506,Pixonyx,226530,thelliere1@rambler.ru,Mydo,56.139.127.132
507,Realbuzz,148243,lsoppite2@google.it,Jaxspan,36.200.63.152
508,Tambee,54855,jmacbreartye3@simplemachines.org,Aimbu,117.96.98.110
509,Realfire,52501,tgriggse4@ca.gov,Yombu,30.86.108.7
510,Feedmix,98859,wcorbridgee5@dyndns.org,Avaveo,182.183.112.129
511,Twitterwire,73855,dbeekene6@go.com,Jaxspan,126.185.38.171
512,Leexo,242015,arheltone7@1und1.de,Quamba,245.202.139.252
513,Livepath,77354,kacume8@tinypic.com,Thoughtblab,185.50.175.192
514,Voonyx,71714,sdunckleee9@utexas.edu,Tekfly,164.204.201.182
515,Quimm,173332,kcurringtonea@networksolutions.com,Skinte,200.105.231.235
516,Tambee,66904,hpettegreeeb@issuu.com,Tagopia,15.143.127.132
517,Twitterworks,237945,rvickressec@theatlantic.com,Dynava,111.20.111.78
518,Jaxnation,15777,lbrimblecombed@patch.com,Zoomlounge,180.169.29.154
519,Katz,7212,ssaffleee@1und1.de,Jabberstorm,151.166.241.88
520,Zoomlounge,165336,nkoppeckef@storify.com,Tagfeed,171.254.152.148
521,Topiczoom,194295,dsandilandseg@wired.com,Divanoodle,113.166.141.239
522,Thoughtbridge,87653,jcosenseh@archive.org,Chatterpoint,119.57.119.164
523,Mydo,237125,idouceei@google.ca,Gabvine,109.116.213.15
524,Midel,2705,bdanilewiczej@dropbox.com,Jaxnation,116.201.186.195
525,Mymm,43853,dmactagueek@tmall.com,Photojam,0.147.237.74
526,Meedoo,210122,xrichingsel@sfgate.com,Chatterpoint,207.123.222.215
527,Rooxo,18955,rloreyem@meetup.com,Oozz,3.104.134.33
528,Edgetag,207084,mglindeen@alexa.com,Buzzdog,214.34.9.163
529,Wikido,17050,wkolinskyeo@naver.com,Leexo,34.161.17.205
530,Youspan,228514,sgilletep@canalblog.com,Rhyzio,126.249.67.155
531,Thoughtbridge,164190,adetoceq@blogspot.com,Mudo,216.110.114.215
532,Tagchat,144306,pdouller@oaic.gov.au,Izio,85.174.226.29
533,Kaymbo,187452,abacheres@google.co.jp,Einti,76.246.85.1
534,Jatri,198236,otinkleret@istockphoto.com,Gigashots,95.138.104.126
535,Nlounge,49905,dhumberteu@goodreads.com,Photofeed,236.136.94.254
536,Babbleblab,63654,cgallearev@pen.io,Linklinks,149.9.151.75
537,Eayo,212355,bpasterfieldew@trellian.com,Vimbo,194.120.42.127
538,Topicware,191609,fridlerex@ebay.co.uk,Youfeed,44.111.22.105
539,Plambee,196118,caldeney@ovh.net,Oyondu,167.6.215.137
540,Layo,176457,fansteyez@cornell.edu,Realbridge,236.35.141.6
541,Tambee,76294,fnovotnef0@lycos.com,Tavu,16.81.28.135
542,Zooxo,64952,cwillingamf1@wordpress.com,Leenti,123.234.88.241
543,Voonix,156101,jgibbsf2@unesco.org,Wikibox,227.135.114.79
544,Eamia,109060,vreidef3@opensource.org,Linkbuzz,230.207.201.137
545,Thoughtmix,80663,sfroggattf4@taobao.com,Yodo,200.27.245.182
546,Zoomzone,188854,rmariellef5@vinaora.com,Voonte,183.61.205.26
547,Edgewire,189842,adowsonf6@businesswire.com,Mynte,146.106.46.77
548,Skivee,161046,mdelosf7@statcounter.com,Meeveo,74.84.70.69
549,Skipstorm,44042,rcanof8@abc.net.au,Zoomlounge,112.94.173.152
550,Kazio,42463,dmcgilvrayf9@hostgator.com,Skiba,146.5.104.182
551,Digitube,9607,dsmoughtonfa@comcast.net,Yacero,116.220.233.178
552,Meemm,155861,bskinglefb@photobucket.com,Divanoodle,245.157.75.42
553,Topdrive,208491,obackshillfc@blogspot.com,Thoughtstorm,39.11.119.151
554,Jayo,96643,vmurtellfd@google.co.uk,Bluejam,92.201.154.207
555,Camido,217764,zabelefe@uiuc.edu,Wikivu,74.15.216.158
556,Quinu,161693,dshoulderff@cafepress.com,Jaxbean,255.151.144.91
557,Riffpedia,114312,rhedneyfg@taobao.com,Photospace,32.171.249.136
558,Myworks,137819,gbarwackfh@chicagotribune.com,Zazio,162.155.207.128
559,Skipfire,44841,itaggfi@economist.com,Wordpedia,81.52.87.208
560,Pixoboo,34745,eelmhirstfj@senate.gov,Tagtune,125.237.33.207
561,Edgewire,191019,kpondefk@360.cn,Camimbo,147.161.241.14
562,Blognation,186146,bbailfl@statcounter.com,Quire,76.197.168.167
563,Yakijo,134665,apopplestonefm@aboutads.info,Yacero,120.229.92.90
564,Livetube,26436,ateresefn@feedburner.com,Devify,124.126.36.32
565,Rhynyx,202599,kdebiasiofo@theatlantic.com,Avamba,166.185.201.182
566,Zooxo,58739,rbagehotfp@furl.net,Wordpedia,57.85.22.6
567,Twitterlist,153047,cvidlocfq@cbslocal.com,Skyvu,78.189.181.153
568,Rhynoodle,66830,fhileyfr@ebay.com,Skyba,26.214.225.102
569,Talane,136681,ljolliefs@craigslist.org,Voolia,205.89.178.171
570,Flashpoint,128546,ahindhaughft@sitemeter.com,Yakijo,50.43.143.44
571,Gabtype,99715,fpackefu@zimbio.com,Babbleset,221.50.239.42
572,Quatz,58303,lauchinleckfv@123-reg.co.uk,Zoozzy,36.81.128.130
573,Kanoodle,5633,adungayfw@pbs.org,Avaveo,133.125.126.117
574,Plambee,43000,rwilacotfx@is.gd,Chatterpoint,64.38.219.24
575,Yabox,132045,nglabachfy@spotify.com,Zoovu,211.195.91.32
576,Zoombeat,18537,klynefz@youku.com,Thoughtbridge,96.248.139.186
577,Browsebug,227288,ctollowg0@photobucket.com,Edgeblab,102.134.216.9
578,Yakijo,37730,jgoodbarrg1@yolasite.com,Gabtune,165.214.240.169
579,Quaxo,138196,sshellyg2@shinystat.com,Yambee,211.206.217.157
580,Voonyx,101410,peckhardg3@ustream.tv,Gigazoom,47.7.65.134
581,Thoughtstorm,38080,fendleyg4@boston.com,Photobug,224.179.87.57
582,Eamia,51895,rschoolfieldg5@patch.com,Jaxnation,85.1.111.231
583,Skyba,137689,ekonertg6@weibo.com,Gabvine,96.110.138.169
584,Twimm,67884,sgreetg7@irs.gov,Flipopia,119.136.42.139
585,Edgeblab,164130,mcomollig8@dagondesign.com,Podcat,175.154.19.216
586,Gabcube,145529,rhrinchishing9@msn.com,Yata,207.156.157.229
587,Brainsphere,27013,tmccaffertyga@sfgate.com,Vinder,176.34.92.186
588,Mita,130464,lmingottigb@topsy.com,Thoughtbeat,168.18.87.246
589,Skiptube,192377,wzuanelligc@wikispaces.com,Ntags,49.217.192.144
590,Kazio,226444,vbaldamgd@instagram.com,Katz,82.177.193.170
591,Quatz,192886,akeppyge@reuters.com,Zoomlounge,191.37.27.29
592,Fliptune,59934,csarrellgf@ted.com,Topicstorm,78.98.179.145
593,Youbridge,135545,mmacconchiegg@stanford.edu,Photolist,3.22.59.81
594,Ooba,155747,tminkingh@jigsy.com,Jayo,60.19.165.15
595,Realpoint,53416,cfetteplacegi@networksolutions.com,Zoonder,242.240.243.176
596,Npath,44478,chebsongj@shinystat.com,Oozz,107.167.195.230
597,Gabspot,76807,bbroselgk@nytimes.com,Oyondu,80.121.218.97
598,Trunyx,42293,lshillakergl@artisteer.com,Kaymbo,17.196.188.63
599,Blogpad,82535,lcavillagm@cargocollective.com,Mydo,76.240.24.194
600,Riffwire,12913,ltreagustgn@loc.gov,Feedfish,150.21.42.104
601,Twitterwire,63445,abirchallgo@lulu.com,Oyonder,155.218.85.208
602,Voolith,205639,jmcgiffingp@xrea.com,Jabbercube,220.26.150.157
603,Edgeify,80427,cgeraldezgq@technorati.com,Divanoodle,227.53.177.133
604,Browseblab,22841,ttreswellgr@foxnews.com,Dazzlesphere,157.120.34.77
605,Gabtype,150775,hresungs@geocities.com,Tavu,74.242.12.44
606,Blognation,51640,agotliffegt@noaa.gov,Yodel,243.147.234.51
607,Linktype,3783,kdugangu@ihg.com,Avaveo,0.143.63.142
608,Pixonyx,121760,bjoslowgv@census.gov,Tazzy,193.56.214.162
609,Ainyx,188648,ovasselgw@elpais.com,Jabbersphere,169.44.93.57
610,Demimbu,141136,aligoegx@ow.ly,Babbleblab,252.5.50.126
611,Flipopia,36763,llockleygy@webnode.com,Bubblebox,98.159.185.218
612,Twimm,26634,rchiltongz@blog.com,Voomm,235.192.159.32
613,Centidel,242312,wtrenchh0@mashable.com,Twitterwire,131.169.183.95
614,Dabshots,123622,kburdikinh1@bing.com,Dynabox,54.22.40.20
615,Skinder,72297,bomurtaghh2@jalbum.net,Skiba,107.129.5.40
616,Meejo,25518,fluxmooreh3@buzzfeed.com,Thoughtsphere,170.78.160.88
617,Brainsphere,136599,menrighth4@tamu.edu,Edgetag,135.8.27.222
618,InnoZ,113813,fkobschh5@behance.net,Feedfire,180.155.77.186
619,Tazzy,117321,gswannieh6@bloglovin.com,Skyba,133.210.39.64
620,Geba,147785,mbiltonh7@etsy.com,Brightdog,35.70.39.108
621,Ntags,30744,jmarnerh8@yale.edu,Oyoba,93.113.8.253
622,Oyoyo,159737,mlillecraph9@comsenz.com,Latz,232.197.139.208
623,Yabox,4139,jwillartonha@cbc.ca,Jamia,8.130.74.74
624,Thoughtbeat,153488,wwhitenhb@com.com,Photojam,114.37.198.170
625,Yabox,72216,gmccaugheyhc@baidu.com,Eare,121.203.87.220
626,Linkbuzz,125283,grekeshd@mac.com,Miboo,176.11.113.75
627,Brainverse,198862,tdossithe@de.vu,Jabbertype,58.39.101.207
628,Oyonder,238447,bholtawayhf@hud.gov,Skyba,103.131.10.150
629,Dazzlesphere,97595,agozneyhg@gmpg.org,Jatri,202.230.79.68
630,Quire,35054,dfarrarhh@geocities.com,Tazzy,37.218.165.249
631,Quamba,107766,abaughenhi@walmart.com,Quatz,2.91.163.74
632,Bubblebox,38660,oerrichihj@toplist.cz,Jabberstorm,28.245.143.246
633,Leexo,71126,rashwoodhk@liveinternet.ru,Snaptags,126.174.122.56
634,Roodel,217138,gburnhardhl@networksolutions.com,Avavee,185.247.63.21
635,Tagcat,70573,ttalbyhm@rediff.com,Mydeo,192.210.223.232
636,Kaymbo,35952,edowhn@si.edu,Feednation,117.210.189.177
637,Yodel,203453,fmathouseho@epa.gov,Wikizz,112.205.109.140
638,Browseblab,29292,nswordhp@sakura.ne.jp,Jamia,29.123.156.26
639,Voolith,169725,charehq@guardian.co.uk,Avaveo,113.87.122.94
640,Centidel,194795,alugsdinhr@cbslocal.com,Yamia,196.47.113.120
641,Gabvine,128823,aphateplacehs@amazon.co.uk,Twiyo,109.127.147.182
642,Brightbean,143736,karrowsmithht@list-manage.com,Twitterbeat,17.120.134.216
643,Oyope,43865,avogelerhu@apple.com,Jayo,187.98.30.196
644,Gigabox,61348,nbraundhv@opensource.org,Divape,153.41.251.254
645,Skyndu,172467,mwillmetthw@time.com,Blognation,247.92.130.138
646,Oba,200821,jdiemerhx@free.fr,Ainyx,39.102.11.251
647,Fivespan,171115,dkeyhohy@japanpost.jp,Brainsphere,107.201.58.138
648,Tavu,160356,wcairnshz@ibm.com,Trupe,43.112.223.165
649,Izio,8206,tbaseki0@fema.gov,Twitterbeat,12.5.159.108
650,Cogidoo,34626,sgreggori1@yale.edu,Plajo,1.156.50.111
651,Eimbee,57594,rmontezi2@cnet.com,Zoozzy,126.111.87.180
652,Feedfire,12510,scerithi3@4shared.com,Bluezoom,187.169.214.86
653,Kaymbo,135921,ilingeri4@webnode.com,Dynazzy,23.72.140.240
654,Devcast,45219,eallitti5@google.com.au,Lazzy,230.193.201.66
655,Thoughtbeat,84607,wrawlynsi6@google.com.hk,Twinte,141.172.223.245
656,Janyx,92480,pjohananovi7@livejournal.com,Cogibox,114.47.182.180
657,Chatterbridge,5273,miannittii8@gmpg.org,Demizz,49.16.5.196
658,Blogspan,157301,mriccioi9@arizona.edu,Zoombox,127.143.176.193
659,Yamia,157547,bwinramia@mail.ru,Thoughtstorm,54.32.74.171
660,Gabvine,162501,esteablerib@mediafire.com,Thoughtsphere,187.116.81.190
661,Zoomzone,151141,dsifleetic@people.com.cn,Rhyzio,180.226.184.199
662,Mybuzz,123678,kheinemannid@weebly.com,Livepath,30.7.172.137
663,Ooba,173814,arandie@squarespace.com,Topiczoom,21.53.78.172
664,Livetube,29765,rpullinif@over-blog.com,Skynoodle,48.173.202.222
665,Tagpad,33282,wbowndeig@nasa.gov,Abata,104.237.94.78
666,Skinix,61430,awattersih@newsvine.com,Wordpedia,172.33.134.156
667,Brainlounge,249885,sconisbeeii@geocities.com,Bubblemix,85.83.242.217
668,Bubbletube,101986,mhaylockij@canalblog.com,Eazzy,40.166.226.17
669,Abata,222987,zlaughtonik@etsy.com,Zooxo,232.235.247.137
670,Topiclounge,127171,gdabneril@tmall.com,Thoughtbeat,245.192.106.123
671,Rhynoodle,181849,sginnetyim@marketwatch.com,Feedfire,84.148.46.17
672,Kwinu,158575,pstoffelin@indiegogo.com,Buzzster,36.193.62.153
673,Kanoodle,181886,fdenidgeio@ftc.gov,Meedoo,121.124.42.142
674,Vinder,230852,jmournianip@shinystat.com,Avaveo,103.29.190.25
675,Livetube,128169,cseedhouseiq@a8.net,Eazzy,35.2.191.155
676,Voolith,220928,jmcowanir@slideshare.net,DabZ,95.207.142.8
677,Chatterpoint,133641,jmattholieis@xing.com,JumpXS,215.48.227.200
678,Zoomzone,82722,mhuglandit@gizmodo.com,Snaptags,224.9.88.102
679,Mynte,16286,lstorkesiu@netscape.com,Devpoint,31.218.156.201
680,Buzzshare,119175,oclemettsiv@disqus.com,Photobean,236.35.219.133
681,Cogibox,171863,ktimmesiw@nifty.com,Dynabox,204.50.232.150
682,Roodel,168184,fsealix@umich.edu,Tagfeed,182.224.124.32
683,Midel,226983,tgirardetiy@umich.edu,Buzzdog,23.77.206.44
684,Camimbo,184092,rfallensiz@exblog.jp,Devcast,250.2.64.151
685,Skiba,101796,bknibleyj0@domainmarket.com,Trudoo,72.167.148.26
686,Aivee,180557,ecambdenj1@gravatar.com,Blogtag,29.206.113.167
687,Zazio,195471,wikinsj2@ftc.gov,Gabvine,201.131.222.136
688,Layo,127731,fdavionj3@feedburner.com,Topicware,145.238.22.158
689,Snaptags,7264,gkristufekj4@wikispaces.com,Riffwire,169.77.199.72
690,Photobug,74720,ksercombej5@cnn.com,Edgeclub,60.31.14.236
691,Topicstorm,205625,apluvierj6@qq.com,Livepath,207.138.0.188
692,BlogXS,203617,jrozalskij7@themeforest.net,Tagtune,243.40.83.133
693,Devcast,52313,bgledhallj8@tripod.com,Devshare,254.168.88.86
694,Devcast,49830,eeardj9@wix.com,Gigabox,148.45.162.125
695,Devify,87667,mduchasteauja@hatena.ne.jp,Ozu,248.105.134.51
696,Avaveo,234047,kollanderjb@artisteer.com,Reallinks,230.194.74.160
697,Livetube,19129,jharrisjc@google.it,Centizu,63.57.65.11
698,Zoombeat,75699,dcarrickjd@goo.ne.jp,Oyoba,24.67.71.171
699,Trudoo,166060,wdampierje@latimes.com,Nlounge,22.60.34.200
700,Centidel,223647,kbarochejf@wsj.com,Teklist,180.23.57.109
701,Quatz,12386,nhuskejg@google.pl,Voonder,191.12.160.9
702,Jaxspan,181332,aolinjh@xing.com,Mymm,242.8.228.113
703,Brainbox,96989,hkoppelmannji@twitter.com,Feedfish,160.23.98.91
704,Linkbuzz,188668,trawcliffjj@exblog.jp,Ozu,68.207.155.23
705,Dabfeed,47919,dfilinkovjk@loc.gov,Zoomzone,51.245.85.184
706,Brainbox,219987,zdisbrowjl@biglobe.ne.jp,Aimbu,146.229.208.48
707,Aimbo,30616,rsnowdonjm@wunderground.com,Realpoint,237.12.4.120
708,Thoughtstorm,167765,xkinghjn@skyrock.com,Tagcat,33.200.94.69
709,Yambee,87338,elittledikejo@cmu.edu,Quinu,246.167.17.58
710,Zoomzone,206820,apatisejp@marriott.com,Livetube,75.190.57.136
711,Quamba,110670,shardwickjq@uol.com.br,Gabtype,151.98.46.35
712,Voolith,39249,hdsouzajr@guardian.co.uk,Livepath,223.187.224.153
713,Topicstorm,160321,achappelowjs@istockphoto.com,Mudo,247.87.108.70
714,Jaxnation,158877,smcmychemjt@accuweather.com,Meeveo,133.109.99.126
715,Dynava,7061,agametju@mail.ru,Flashspan,116.41.194.239
716,Yakijo,57426,josmarjv@elegantthemes.com,Skipstorm,252.97.240.145
717,Twinte,112844,jmanchesterjw@moonfruit.com,Yacero,128.43.113.22
718,Riffwire,24871,mstuddeardjx@businessinsider.com,Demizz,165.8.0.201
719,Rhynoodle,20716,lbarejy@hhs.gov,Mynte,60.142.44.244
720,Youbridge,26364,bkisarjz@mit.edu,Zava,70.29.158.165
721,Yambee,86886,dsillarsk0@simplemachines.org,Realfire,96.57.32.217
722,Browsetype,186663,brylandk1@gravatar.com,Realpoint,120.44.191.101
723,Gevee,176645,ltapek2@squidoo.com,Centimia,142.177.50.5
724,Pixoboo,156457,lbaynamk3@springer.com,Trudoo,80.223.68.254
725,Zoozzy,127411,pricksonk4@mayoclinic.com,Brainverse,14.217.27.207
726,Realpoint,153639,jcockaymek5@fastcompany.com,Skilith,195.94.43.154
727,Wikizz,4871,ksteelsk6@columbia.edu,Oyondu,138.18.109.173
728,Agivu,91634,iegank7@list-manage.com,Reallinks,118.58.198.232
729,Wordify,11305,kclemitsk8@jimdo.com,Zoovu,133.188.112.69
730,Jaxspan,166087,bpipesk9@nba.com,InnoZ,229.76.125.14
731,Skipfire,91868,ademeiska@epa.gov,Zoombox,205.111.125.124
732,Trudeo,191077,aegglesonkb@loc.gov,Dabfeed,220.172.94.185
733,Mycat,93178,fsiggekc@hud.gov,Skimia,153.103.52.9
734,Avavee,53802,cmeriotkd@wikia.com,Youbridge,224.59.37.17
735,Brightbean,191588,kbatterbeeke@sciencedirect.com,Aibox,134.203.68.118
736,Kwimbee,67262,pgoulstonkf@house.gov,Skipfire,12.6.152.122
737,Meezzy,54385,bspowagekg@icq.com,Oozz,195.37.48.211
738,Zoozzy,58423,lmilhamkh@comsenz.com,Feedmix,62.175.228.93
739,Gigazoom,100735,lananki@vk.com,Kanoodle,71.52.25.104
740,Topiclounge,169697,gnajarakj@qq.com,Skyndu,68.68.88.29
741,DabZ,94110,eclaypoolekk@marketwatch.com,Gabvine,244.76.164.115
742,Youspan,38498,cmcgebenaykl@nytimes.com,Zoombox,29.143.113.137
743,Dynabox,13692,cricciardellikm@php.net,Meedoo,251.69.49.18
744,Agimba,206330,sstockportkn@cdc.gov,Abatz,187.42.228.124
745,Feedmix,184086,bmalkieko@smugmug.com,Mynte,175.138.68.246
746,Zoomlounge,127886,berikssonkp@state.gov,Shufflebeat,32.19.229.203
747,Jabberstorm,176048,gnobbskq@deviantart.com,Agimba,94.242.212.29
748,Riffwire,45573,mmetcalfekr@amazon.co.jp,Zoombox,210.137.121.41
749,Realcube,104815,cgarrodks@springer.com,Zoozzy,68.151.208.228
750,Voomm,118638,pborleasekt@people.com.cn,Abata,197.128.169.192
751,Realpoint,118603,bdurdleku@freewebs.com,Yambee,254.187.84.109
752,Yakitri,211608,jmacconneelykv@virginia.edu,Topicstorm,121.234.27.121
753,Skajo,208600,siapicokw@upenn.edu,Oyonder,93.20.133.119
754,Trilia,170578,adaughtreykx@gnu.org,Fanoodle,199.250.191.92
755,Talane,93752,opooneky@webeden.co.uk,Thoughtstorm,132.137.183.139
756,Wikizz,10542,jstrippkz@cbsnews.com,Zoozzy,32.247.193.47
757,Geba,73600,eferridayl0@washingtonpost.com,Meembee,65.25.180.91
758,Feedbug,148737,rmullingerl1@sfgate.com,Divanoodle,82.143.100.83
759,Meemm,83197,cdelphl2@studiopress.com,Skyba,243.183.123.220
760,Linkbridge,201186,eshellshearl3@icq.com,Dynazzy,80.113.230.187
761,Gigashots,82902,mgilphillanl4@woothemes.com,Yotz,194.55.185.51
762,Avaveo,173281,ttruittl5@businesswire.com,Fivebridge,56.250.223.159
763,Zava,177101,rwrennalll6@bloomberg.com,Feedmix,20.244.238.243
764,Flipbug,126042,fgaineofenglandl7@nationalgeographic.com,Meevee,197.56.254.239
765,Voomm,82902,afindleyl8@opera.com,Realcube,133.132.143.200
766,Wikizz,20485,kkingzethl9@dailymotion.com,Zoonder,68.237.246.77
767,Yozio,228830,finchcombla@comsenz.com,Minyx,239.124.118.85
768,Fivebridge,66685,tcrummaylb@cbc.ca,Avavee,3.246.20.49
769,Yadel,247639,hwoolwardlc@house.gov,Ntags,207.134.55.135
770,Feedbug,24289,afontinld@sun.com,Browseblab,223.95.214.119
771,LiveZ,242720,nkidbyle@lulu.com,Bubblebox,91.190.185.200
772,Zoonder,154956,lfallowfieldlf@china.com.cn,Thoughtsphere,138.251.99.206
773,Oozz,196568,sbendelg@washington.edu,Divanoodle,13.166.82.203
774,Eayo,113648,ydychelh@wsj.com,Devshare,58.12.226.31
775,Cogibox,43120,jgindghillli@reddit.com,Fivechat,216.133.29.247
776,Camido,175546,hellisslj@slashdot.org,Centizu,132.83.220.89
777,Trupe,110259,bheddenlk@howstuffworks.com,Rhycero,71.112.225.178
778,Skaboo,125980,hdehooghll@businesswire.com,Flipopia,168.223.128.203
779,Feednation,25776,ccoombeslm@rakuten.co.jp,Voonyx,126.175.107.155
780,Skyba,234218,pharbordln@desdev.cn,Eidel,206.1.141.54
781,Thoughtsphere,186875,mpimblottelo@nyu.edu,Eazzy,17.56.37.100
782,Eidel,161855,btarrlp@europa.eu,Plambee,128.206.190.121
783,Aivee,17343,wbucknilllq@webs.com,Aibox,46.230.189.39
784,Yakidoo,88121,haustwicklr@msu.edu,Centizu,168.162.109.148
785,Thoughtbeat,5948,divimeyls@nytimes.com,Fliptune,224.104.186.227
786,Babbleopia,50819,efiddymentlt@disqus.com,Quinu,8.144.191.239
787,Digitube,172292,rbreezelu@cocolog-nifty.com,Tambee,41.249.170.20
788,Blogpad,147537,sgallardolv@opensource.org,Layo,213.4.7.67
789,Topicware,3282,dleworthylw@about.com,Trilith,12.165.188.140
790,Abatz,111122,sscuphamlx@shareasale.com,Buzzdog,32.121.211.171
791,Realcube,100290,kabbetly@java.com,Voonix,177.243.68.105
792,Kare,106563,ddabinettlz@columbia.edu,Twimbo,10.96.213.167
793,Twitterlist,194123,rbeetonm0@icio.us,Youtags,69.235.209.65
794,Riffwire,184230,rmathewm1@ucla.edu,Jaxnation,58.156.66.48
795,Bubblebox,74042,tdenmanm2@discuz.net,Yamia,21.69.65.85
796,Mydeo,16759,lbrettelm3@studiopress.com,Browsetype,34.39.254.10
797,Rooxo,111126,aalmeidam4@usnews.com,Bubblemix,38.134.119.111
798,Nlounge,190115,sfortmanm5@163.com,Realfire,9.63.242.31
799,Oyoyo,53744,adignallm6@macromedia.com,Kwideo,30.241.184.44
800,Zoombeat,163206,hlumpkinm7@e-recht24.de,Feedspan,184.48.101.12
801,Zoomcast,153859,pparkeym8@devhub.com,Browsezoom,215.152.250.100
802,Vinte,98288,amcwilliamm9@forbes.com,Fivespan,127.227.128.93
803,Dazzlesphere,246496,ifairheadma@latimes.com,Vipe,160.158.0.249
804,Twinte,89279,kkendermb@pinterest.com,Shuffledrive,141.50.27.63
805,Vitz,121637,ncastiglionemc@bluehost.com,Zoomdog,216.75.175.70
806,Gabtune,170402,tmeasenmd@odnoklassniki.ru,Eadel,187.50.43.138
807,Meedoo,119839,anurdinme@globo.com,Kayveo,66.105.111.245
808,Rhynyx,161865,alinskeymf@skyrock.com,Centizu,44.8.82.45
809,Feedspan,166648,bniavemg@apache.org,Pixope,25.61.157.159
810,Kazu,220887,aschwandtmh@guardian.co.uk,Lajo,77.54.201.69
811,Browsebug,212874,acamiliomi@ning.com,Zoombox,56.135.16.244
812,Gigazoom,46637,zpreshawmj@booking.com,Thoughtmix,213.149.19.231
813,Skimia,196123,mbrademk@patch.com,Topicblab,192.201.153.176
814,Eare,24598,fjohnikinml@ning.com,Zoomdog,28.213.245.204
815,Skibox,128359,osokillmm@mit.edu,Meevee,88.187.156.191
816,Feednation,240844,bjoslynmn@guardian.co.uk,Browseblab,161.102.145.102
817,Tavu,67162,vgoodspeedmo@economist.com,Twitterwire,193.140.76.66
818,Tambee,238271,lrolymp@hc360.com,Photojam,130.168.21.87
819,Mydo,51087,gpetegreemq@slate.com,Talane,229.232.50.102
820,Nlounge,151524,ccreanemr@hibu.com,Plajo,1.238.104.106
821,Shufflebeat,200397,mmillershipms@ted.com,Lajo,207.0.45.128
822,Edgeclub,237290,cdomeneymt@go.com,Abata,51.51.21.44
823,Jaxnation,175025,rstapletonmu@accuweather.com,Skipstorm,100.232.170.19
824,Feednation,211055,tpeekemv@toplist.cz,Trudoo,17.93.66.88
825,Bubbletube,35004,bcorroyermw@msu.edu,Muxo,117.42.254.171
826,Shuffledrive,164423,dbelfragemx@hc360.com,Devcast,78.125.177.219
827,Blogtag,144704,dlumsdalemy@auda.org.au,Kwinu,188.102.92.190
828,Yadel,201345,gtillymz@soundcloud.com,Thoughtstorm,134.148.251.51
829,Flipbug,4499,hgauchn0@stumbleupon.com,Voonix,77.154.228.142
830,Zooxo,238091,cgivensn1@amazonaws.com,Digitube,106.89.18.235
831,Gabvine,79567,gchuen2@digg.com,Twitterworks,28.76.118.69
832,Meedoo,59156,rsarchwelln3@washingtonpost.com,Skajo,206.169.94.240
833,Photobug,241759,ktoulminn4@sbwire.com,Photojam,0.235.112.71
834,Tagpad,87814,dbonsalen5@geocities.jp,Jaxspan,223.230.36.155
835,Wordware,135376,lbartelsellisn6@bandcamp.com,Tagchat,178.177.218.138
836,Bluezoom,3663,mluggn7@cbsnews.com,Muxo,74.117.120.144
837,Devpoint,203425,mshaven8@bloomberg.com,Rhynoodle,0.208.188.6
838,Babblestorm,59461,trimingtonn9@gravatar.com,Jetwire,155.93.43.109
839,Miboo,39779,lsquirrelna@marketwatch.com,Bluejam,106.212.95.60
840,Jatri,172243,nmapothernb@skype.com,Voolith,18.191.109.232
841,Realblab,140945,apitkinnc@1688.com,Edgeblab,194.123.69.163
842,Topiclounge,178496,dvandervliesnd@mit.edu,Roombo,198.198.68.4
843,Feedbug,140013,lmacgeaneyne@wordpress.com,Trunyx,1.213.13.146
844,Thoughtbeat,212380,pliebernf@blogtalkradio.com,LiveZ,141.39.182.101
845,Yakidoo,12167,bmcettrickng@webs.com,Feedfish,39.138.228.59
846,Gigazoom,209814,cwallesnh@marriott.com,Tanoodle,205.150.51.159
847,Feedfish,121256,jkinsellni@edublogs.org,Avaveo,184.212.17.245
848,Edgepulse,133311,rjoskanj@mlb.com,Jaxspan,45.50.106.112
849,Lajo,222514,hmcgarrellnk@cdc.gov,Edgeify,123.209.200.0
850,Blognation,114941,jcheccinl@issuu.com,Browsezoom,78.84.96.134
851,Fiveclub,211199,byakobnm@sitemeter.com,Jetwire,238.117.216.229
852,Realbuzz,90455,futtleynn@vkontakte.ru,Voonder,79.123.67.128
853,Skidoo,137856,cwareingno@netscape.com,Yodo,45.14.90.9
854,Einti,10323,ewhiskernp@howstuffworks.com,Linkbuzz,19.13.251.44
855,Skimia,154936,vmochernq@apple.com,Youspan,112.154.91.66
856,Shufflester,133837,bpedleynr@msu.edu,Riffpath,75.209.218.175
857,Quinu,71286,amerklens@mlb.com,Blogtag,200.77.98.84
858,Dablist,182125,rgilderoynt@last.fm,Edgeclub,61.45.147.139
859,Avavee,178235,gdabornnu@topsy.com,Cogidoo,188.201.195.242
860,Oba,179381,fovesennv@zimbio.com,Blogpad,167.95.22.247
861,Eidel,117282,sandersnw@disqus.com,Blogtags,198.251.8.208
862,Yotz,149032,tparletnx@cornell.edu,Yamia,154.207.97.209
863,Flipstorm,151601,qsunshineny@yandex.ru,Gabtype,202.69.76.139
864,Buzzbean,13812,aspinellanz@histats.com,Topiczoom,66.50.178.246
865,Tambee,180282,oleileo0@wix.com,Wordify,182.130.127.65
866,Oba,133791,mcoyleo1@yahoo.com,Fatz,184.161.128.99
867,Thoughtstorm,48526,nroseo2@usda.gov,Yodoo,198.38.120.2
868,Wordpedia,115633,ldowo3@ucsd.edu,Quatz,236.123.4.86
869,Browsebug,47551,tyeudallo4@eepurl.com,Abata,238.214.24.76
870,Oyoyo,56825,mhurrello5@unicef.org,Twitterbeat,92.189.220.48
871,Browsedrive,157607,gobeeo6@sciencedaily.com,Vipe,104.222.0.36
872,Shuffletag,113925,tpaumiero7@hao123.com,Eimbee,182.97.200.150
873,Skiba,90987,eberio8@usnews.com,Aimbu,179.139.146.157
874,Twitterworks,141088,lmadigano9@sakura.ne.jp,Fadeo,228.26.145.54
875,Wikizz,226993,msegoeoa@drupal.org,Twitterwire,177.28.132.118
876,Rhynyx,127232,skleinfeldob@google.com.au,Yata,185.116.131.31
877,Twiyo,232637,fduncansonoc@51.la,Meezzy,178.240.223.34
878,Tagopia,205328,mwraggsod@economist.com,Jabbertype,55.151.232.13
879,Latz,141244,alevicountoe@wikipedia.org,Youbridge,231.249.126.187
880,Babbleblab,172440,jbuyersof@omniture.com,Katz,2.215.227.102
881,Skimia,109947,jburgessog@intel.com,Feedbug,216.52.128.100
882,Demivee,52533,rcancuttoh@sciencedaily.com,Ailane,18.128.181.132
883,Flashspan,172663,dinmettoi@nasa.gov,Zoombox,233.175.100.214
884,Skyndu,36151,sgarlettoj@arizona.edu,Blogtag,141.99.183.186
885,Linktype,158430,ojallinok@php.net,Zooveo,21.97.180.59
886,Brainbox,35321,dagnolool@1688.com,Voomm,199.92.120.237
887,Abatz,110910,pbeedieom@usatoday.com,Pixope,246.118.66.249
888,Eabox,31861,ldinningtonon@parallels.com,Brightbean,170.8.160.79
889,Meedoo,16602,llevisonoo@t.co,Quaxo,87.11.184.215
890,Abatz,187619,jcocksedgeop@unc.edu,Blogtags,167.207.198.49
891,Bluejam,161140,wbeamissoq@histats.com,Photojam,218.114.188.218
892,Janyx,55898,pdunnanor@ibm.com,Dabfeed,28.108.181.61
893,Meedoo,27059,middinsos@newyorker.com,Jabbersphere,135.254.40.71
894,Pixope,140604,adaviddiot@topsy.com,Brainbox,244.86.193.80
895,Riffpath,104732,rstelljesou@blogs.com,Aibox,20.54.107.42
896,Yozio,150264,fbloggettov@reverbnation.com,Riffwire,207.61.13.87
897,Quatz,233221,xthickettow@istockphoto.com,DabZ,137.229.227.194
898,Zoombox,158279,eprofitox@narod.ru,Rhynyx,242.13.127.239
899,Devpulse,90360,mmarkosoy@pinterest.com,Flipopia,180.196.92.42
900,Brainbox,55022,idennyoz@accuweather.com,Yata,242.174.1.102
901,Yakitri,56528,cjacombsp0@theglobeandmail.com,Skibox,81.13.56.194
902,Abata,91832,mlaythamp1@state.tx.us,Edgepulse,106.40.245.191
903,Quinu,48131,mchildesp2@nymag.com,Realcube,115.236.94.108
904,Shufflebeat,212517,lsnashallp3@canalblog.com,Quatz,13.250.23.86
905,Yoveo,143394,mhestropp4@sciencedaily.com,Realpoint,106.197.10.191
906,Mita,226792,nkorejsp5@smh.com.au,Zoomlounge,63.185.125.163
907,Skilith,200156,emeedendorpep6@miibeian.gov.cn,Rhybox,160.237.21.54
908,Dynava,239581,cballsp7@loc.gov,Agivu,0.37.35.87
909,Buzzdog,154712,mdanjoiep8@irs.gov,Dazzlesphere,192.140.48.246
910,Skyba,213780,eduddyp9@furl.net,Blogtag,94.45.128.100
911,Abatz,11144,ctrainorpa@salon.com,Gigashots,99.120.6.38
912,Chatterbridge,218481,bfitchpb@naver.com,Jayo,85.106.43.171
913,Voomm,186668,wdutchpc@unicef.org,Wordify,252.109.255.40
914,Zoombeat,20299,mgirckepd@furl.net,Kamba,0.63.223.224
915,Devcast,123844,clehmannpe@state.tx.us,Meezzy,25.86.156.12
916,Blogtag,122414,swestcarpf@umn.edu,Plajo,65.145.13.43
917,Wikivu,75751,kdeverepg@wisc.edu,Oozz,12.4.90.72
918,Lazz,174775,gbelamyph@booking.com,Lazzy,36.71.174.41
919,Innojam,57771,ibrennenstuhlpi@imageshack.us,Plajo,222.254.195.255
920,Brainbox,101902,ounderdownpj@ucoz.com,Vinte,212.10.174.47
921,Jaxnation,113822,gpesslerpk@nbcnews.com,Tagchat,8.103.6.204
922,Myworks,90655,agalerpl@mac.com,Aivee,138.218.97.30
923,Edgepulse,207474,mlabatpm@vimeo.com,Tanoodle,251.61.142.101
924,Quamba,174305,bserotskypn@usa.gov,Izio,28.166.125.108
925,Feedfish,196099,csmidmoorpo@vistaprint.com,Photospace,225.254.223.84
926,Fivespan,198320,bpridhampp@theglobeandmail.com,Npath,13.95.145.96
927,Quaxo,190845,aaylenpq@youtu.be,Kwinu,37.123.207.125
928,Pixoboo,197327,tsmallcombpr@dailymail.co.uk,Skaboo,65.103.147.169
929,Tanoodle,241512,saveyardps@netvibes.com,Voolith,102.246.178.174
930,Realfire,40578,agraithpt@huffingtonpost.com,Zoomdog,120.232.11.38
931,Viva,178713,hdaubenypu@senate.gov,Buzzbean,10.50.108.125
932,Linkbuzz,82326,jputsonpv@weather.com,LiveZ,145.20.47.197
933,Dabtype,2858,fmarzellapw@uol.com.br,Fivespan,109.224.8.246
934,Jayo,215970,khardeypx@gravatar.com,Lajo,101.161.253.100
935,Ailane,37929,swatmoughpy@dailymotion.com,Topiczoom,79.62.218.214
936,Yodoo,72854,mspinellipz@github.io,Meetz,153.20.189.245
937,Bubblemix,224310,bbullionq0@ucoz.ru,Browsedrive,48.15.239.205
938,Tagopia,86346,ckarelq1@51.la,Topiczoom,223.142.21.89
939,Ainyx,200038,mbartoszekq2@abc.net.au,Jaxworks,100.14.114.56
940,Lazz,133622,skrzyzowskiq3@foxnews.com,Linklinks,142.130.151.28
941,Jaxworks,211168,tspentonq4@nydailynews.com,Livepath,216.181.140.53
942,Devcast,106081,akindleysidesq5@ucoz.ru,Realpoint,25.191.231.160
943,Demivee,143899,sdacresq6@qq.com,Quatz,118.13.14.49
944,Tagchat,125845,bfawdryq7@barnesandnoble.com,Meedoo,36.2.196.14
945,Centidel,212764,pmcmenamyq8@forbes.com,Oloo,184.198.2.225
946,Geba,147745,rargentq9@nsw.gov.au,Tazz,30.92.33.10
947,Roodel,127596,msedgerqa@hhs.gov,Realblab,165.89.102.61
948,Myworks,147407,cdoblinqb@cocolog-nifty.com,Cogidoo,32.29.54.96
949,Yodo,34232,cdampqc@bizjournals.com,Midel,177.155.2.93
950,Mudo,18627,ytookerqd@bizjournals.com,Devpulse,3.8.214.172
951,Kaymbo,246171,sbrundillqe@nps.gov,Quire,165.178.120.118
952,Fadeo,138588,wproskeqf@va.gov,Jetpulse,127.238.91.232
953,Zoozzy,67523,amountlowqg@domainmarket.com,Brainlounge,111.56.85.59
954,Layo,71483,lmuckloeqh@t-online.de,Roomm,85.124.112.191
955,Gabtype,120034,dwoodbridgeqi@opera.com,Abata,222.174.10.60
956,Ainyx,228435,wcantrillqj@army.mil,Photojam,95.22.47.74
957,Meezzy,247997,fwellsmanqk@businessinsider.com,Teklist,126.36.32.81
958,Jaxbean,126411,rbultitudeql@hubpages.com,Ozu,97.241.50.209
959,Voonder,9419,ewallickerqm@usnews.com,Gabspot,177.247.53.23
960,Aibox,65022,bdowdleqn@dot.gov,Jabberbean,64.104.113.187
961,Centidel,92732,scarnqo@shop-pro.jp,Skidoo,204.42.156.211
962,Brainverse,66539,jauchinleckqp@cam.ac.uk,Voonder,68.180.12.185
963,Browsecat,50688,vfearnyoughqq@chronoengine.com,Trilia,88.166.156.93
964,Rhyzio,109959,ecanferqr@nhs.uk,Pixope,78.141.250.191
965,Jabbertype,145778,nsimmsqs@sohu.com,Zoombeat,211.137.217.210
966,Shuffletag,63493,bguardqt@usa.gov,Latz,27.166.0.119
967,Bluejam,204583,rgoodwinsqu@latimes.com,Brainverse,84.5.152.10
968,Browsedrive,209787,hmylesqv@creativecommons.org,Topdrive,230.160.85.82
969,Gabspot,30327,abunyanqw@myspace.com,Reallinks,10.227.123.66
970,Zoomlounge,45286,jsoggqx@state.gov,Meembee,76.29.197.118
971,Dynazzy,183426,mhouldeyqy@blogtalkradio.com,Flashpoint,235.221.190.190
972,Tagcat,199201,hhowlerqz@state.tx.us,Kwideo,120.65.58.45
973,Wordware,22541,bedier0@rambler.ru,Dabfeed,61.80.65.249
974,Yambee,134755,gberther1@histats.com,Twitterbeat,1.131.10.69
975,Jaxspan,147032,bbaillier2@independent.co.uk,Plajo,40.2.29.211
976,Feedbug,105210,rtripettr3@hexun.com,Tambee,187.87.248.176
977,Quinu,138651,ujindrakr4@weibo.com,Kwimbee,203.45.139.30
978,Jayo,157258,tsalvidger5@wunderground.com,Vinder,54.223.142.253
979,Skiba,232344,ncubberleyr6@sbwire.com,Avamba,126.206.253.168
980,Mudo,235032,kcalderonellor7@sciencedirect.com,Oloo,7.160.133.201
981,Chatterbridge,235533,wcastellir8@nasa.gov,Dynabox,32.230.231.208
982,Eayo,176414,gburrettr9@thetimes.co.uk,Dynabox,92.227.80.227
983,Browsedrive,233228,ktrowlera@mit.edu,Quimba,195.198.147.97
984,Photolist,183110,clettyrb@cafepress.com,Thoughtbridge,255.164.137.212
985,Agimba,87968,rgiraudatrc@imageshack.us,Shuffledrive,181.113.246.209
986,Skimia,163853,kraubenheimersrd@ocn.ne.jp,Agivu,180.72.82.52
987,Vimbo,54498,rangricre@fc2.com,Meedoo,194.30.111.109
988,Edgewire,242836,rsallrf@bravesites.com,Twiyo,61.109.67.132
989,Zoombeat,118029,lcardinalerg@odnoklassniki.ru,Chatterpoint,102.113.222.198
990,Yozio,119737,vguyerh@miibeian.gov.cn,Browsecat,254.236.96.250
991,Youfeed,62685,ccosgreaveri@t.co,Yacero,158.32.217.167
992,Yakitri,40334,jkuhlmeyrj@slashdot.org,Babbleblab,163.78.238.10
993,Skimia,189173,bwiltsherrk@feedburner.com,Kare,109.15.65.68
994,Rhyloo,213504,lblibenrl@techcrunch.com,Brainlounge,60.91.177.229
995,Linkbridge,101570,sgeldardrm@netvibes.com,Kimia,29.175.182.221
996,Flipbug,200241,drytonrn@bloglovin.com,Edgepulse,20.67.183.245
997,Riffpedia,203721,lboylesro@macromedia.com,Yakidoo,176.38.185.133
998,Fanoodle,57627,phillanrp@uol.com.br,Centizu,171.228.249.27
999,Fanoodle,41527,mworlockrq@skyrock.com,Skipfire,35.123.233.95
1000,Bubbletube,100522,gcinorr@ycombinator.com,Meejo,242.40.43.213
